treatment,pri2000v,pri1994v,pan1994v,prd1994v,avgpoverty,pobtot1994,log_pobtot1994,large_pop
1,95.2380952380952,89.7435897435898,0,8.54700854700855,5,667,6.502790045915623,0
0,37.6266280752533,68.2051282051282,3.41880341880342,18.6324786324786,4.83333349227905,1629,7.395721608602045,0
0,37.0044052863436,28.5171102661597,0.380228136882129,66.9201520912547,4.85714292526245,949,6.855408798609928,0
1,45.565749235474,61.9369369369369,29.5045045045045,2.02702702702703,5,1888,7.543273346705446,1
1,38.9411764705882,46.9626168224299,15.7710280373832,34.3457943925234,3.75,2795,7.9355873855892,1
1,38.160469667319,75.2212389380531,2.65486725663717,11.283185840708,5,1559,7.351799869057777,0
0,26.875,47.239263803681,14.7239263803681,26.3803680981595,5,501,6.2166061010848646,0
1,73.1543624161074,77.2727272727273,2.27272727272727,17.4242424242424,5,541,6.293419278846481,0
0,62.3333333333333,66.2551440329218,13.9917695473251,12.3456790123457,4.33333349227905,942,6.848005274576363,0
0,61.7224880382775,64.804469273743,5.58659217877095,11.1731843575419,5,796,6.679599185844383,0
1,54.3065693430657,66.4325842696629,20.5056179775281,10.6741573033708,5,1868,7.532623618788788,1
1,67.5373134328358,77.027027027027,2.25225225225225,3.15315315315315,5,1116,7.017506142941256,0
1,71.5990453460621,79.8882681564246,5.3072625698324,10.8938547486034,5,1284,7.157735484249907,0
1,24.0909090909091,51.2820512820513,33.3333333333333,11.2820512820513,4.5,1155,7.051855622955894,0
1,76.9444444444444,71.2895377128954,8.02919708029197,14.3552311435523,4.25,1062,6.967909201801884,0
1,30.787037037037,18.0904522613065,1.75879396984925,2.76381909547739,5,1544,7.342131730584722,0
1,49.2581602373887,51.3793103448276,41.3793103448276,2.75862068965517,5,1226,7.111512116496157,0
1,72.7272727272727,96.4705882352941,2.35294117647059,0,4,238,5.472270673671475,0
1,61.7176128093159,74.9009247027741,15.5878467635403,5.54821664464993,4.5,2702,7.9017475185201445,1
0,74.5547073791349,70.026525198939,4.24403183023873,23.0769230769231,5,1422,7.259819610363186,0
0,54.6689303904924,60.0969305331179,7.91599353796446,28.59450726979,4.625,13623,9.51951481976606,1
0,78.9473684210526,43.4782608695652,0,55.0724637681159,5,307,5.726847747587197,0
1,27.6422764227642,60.0907029478458,25.8503401360544,2.49433106575964,4.33333349227905,898,6.8001700683022,0
1,96.039603960396,91.4285714285714,0,6.66666666666667,5,311,5.739792912179234,0
0,37.6106194690265,31.3559322033898,13.9830508474576,51.271186440678,3.79999995231628,1248,7.129297548929373,0
0,36.5896980461812,63.5103926096998,4.38799076212471,28.8683602771363,5,1776,7.4821189235521155,0
1,73.8095238095238,90.9090909090909,6.81818181818182,2.27272727272727,5,103,4.634728988229636,0
1,19.9170124481328,51.7123287671233,4.45205479452055,36.3013698630137,3.79999995231628,804,6.6895992691789665,0
1,48.3582089552239,33.4302325581395,12.7906976744186,13.3720930232558,5,1611,7.384610383176974,0
1,50.2529510961214,71.969696969697,16.2121212121212,8.48484848484849,3.66666674613953,1325,7.1891677384203225,0
1,38.0025940337224,62.3931623931624,26.6381766381766,8.83190883190883,3.5,9953,9.205629292246064,1
1,60.3550295857988,65.0704225352113,0,34.6478873239437,4.5,1112,7.013915474810528,0
1,59.2783505154639,87.6923076923077,8.71794871794872,0.512820512820513,4.75,911,6.814542897259958,0
1,40.4210526315789,71.4007782101167,3.11284046692607,21.9844357976654,4.875,771,6.647688373563329,0
1,73.3796296296296,44.8648648648649,27.5675675675676,23.2432432432432,5,2239,7.713784616598755,1
0,45.5764075067024,59.4022415940224,31.5068493150685,3.7359900373599,3,19804,9.893639216481313,1
1,56.7026194144838,51.3071895424837,5.88235294117647,25.4901960784314,5,1960,7.580699752224563,1
1,40.3284671532847,50.6437768240343,6.65236051502146,24.6781115879828,4.25,1650,7.408530566894626,0
1,71.5025906735751,88.8888888888889,3.33333333333333,5.55555555555556,4.5,740,6.606650186198215,0
0,92.3641703377386,95.0859950859951,1.47420147420147,1.22850122850123,5,1975,7.5883236773352225,1
1,54.0816326530612,91.3961038961039,2.92207792207792,2.5974025974026,4,1833,7.513709247839705,0
1,48.4848484848485,59.8455598455598,6.94980694980695,26.0617760617761,4.66666650772095,1518,7.325148957955575,0
1,86.7469879518072,86.6666666666667,1.33333333333333,12,5,328,5.793013608384144,0
1,56.020942408377,58.6387434554974,1.57068062827225,37.696335078534,4.85714292526245,654,6.483107351457199,0
1,52.4229074889868,54.5673076923077,35.0961538461538,6.97115384615385,3.5,1628,7.395107546562485,0
1,41.7355371900826,32.8,4.4,53.2,4.66666650772095,926,6.8308742346461795,0
1,75.4716981132076,91.6666666666667,0,8.33333333333333,5,306,5.723585101952381,0
1,55.1515151515151,72.2857142857143,15.8571428571429,6.28571428571429,4.19999980926514,1585,7.368339686311381,0
0,52.8384279475983,65.045045045045,9.72972972972973,14.4144144144144,3.81818175315857,2832,7.94873845481361,1
1,58.3629893238434,59.0909090909091,5.24475524475525,29.3706293706294,4.5,514,6.2422232654551655,0
1,76.7441860465116,43.2748538011696,1.16959064327485,52.046783625731,5,748,6.617402977974478,0
1,63.9278557114228,61.2094395280236,8.55457227138643,26.401179941003,5,1832,7.513163545234075,0
1,79.8561151079137,78.9473684210526,2.25563909774436,14.2857142857143,4.33333349227905,376,5.929589143389895,0
1,58.5585585585586,75.8241758241758,10.989010989011,12.0879120879121,5,242,5.488937726156687,0
0,52.5793650793651,73.1060606060606,21.8434343434343,2.02020202020202,4,1876,7.53689712956617,1
1,70.8333333333333,84.2911877394636,1.53256704980843,13.4099616858238,5,919,6.823286122355687,0
1,58.1896551724138,70.6521739130435,24.4565217391304,3.26086956521739,4,515,6.244166900663736,0
1,81.1965811965812,90.2439024390244,0.813008130081301,6.50406504065041,5,533,6.278521424165844,0
1,32.6,61.7312072892939,3.87243735763098,24.8291571753986,4.59999990463257,1304,7.1731917424865985,0
1,74.0963855421687,73.015873015873,2.49433106575964,5.4421768707483,5,1376,7.226936018493289,0
0,79.8816568047337,90.1234567901235,2.05761316872428,5.34979423868313,5,940,6.84587987526405,0
0,80.3921568627451,91.5717539863326,1.59453302961276,2.73348519362187,5,1573,7.360739903058278,0
1,49.5192307692308,66.3677130044843,4.93273542600897,8.07174887892377,4.75,585,6.371611847231857,0
0,76.017130620985,60.9254498714653,3.59897172236504,16.452442159383,5,1315,7.181591944611865,0
1,75.0337381916329,88.110964332893,0.396301188903567,1.45310435931308,5,2173,7.6838639802564295,1
1,73.6434108527132,83.7912087912088,3.84615384615385,5.21978021978022,4.25,900,6.802394763324311,0
1,47.1428571428571,54.1666666666667,0,45.4166666666667,4.66666650772095,467,6.1463292576688975,0
1,57.3705179282869,67.84140969163,0,30.3964757709251,4.5,634,6.452048954437226,0
1,66.0531697341513,77.8672032193159,13.8832997987928,3.82293762575453,3.5,1832,7.513163545234075,0
1,79.1666666666667,94.7183098591549,1.05633802816901,2.8169014084507,5,1241,7.123672785204607,0
1,73.98753894081,94.2148760330578,2.68595041322314,1.03305785123967,5,1581,7.365812837209472,0
1,73.5238095238095,65.6836461126005,4.82573726541555,3.75335120643432,5,3289,8.098338846189057,1
1,41.7142857142857,47.1819645732689,4.02576489533011,42.9951690821256,3.33333325386047,1824,7.508787170634276,0
1,82.7586206896552,89.0909090909091,3.63636363636364,3.63636363636364,5,616,6.423246963533519,0
0,52.5547445255474,61.9402985074627,8.2089552238806,24.6268656716418,4,335,5.814130531825066,0
1,30.9314586994728,29.9625468164794,0.749063670411985,65.9176029962547,5,1423,7.260522598089852,0
0,55.8823529411765,71.3532513181019,16.5202108963093,8.43585237258348,4.33333349227905,3676,8.209580483475577,1
1,63.953488372093,70.5179282868526,2.39043824701195,23.1075697211155,5,1337,7.198183577101943,0
1,50.4975124378109,56.4189189189189,9.45945945945946,32.4324324324324,3.40000009536743,1233,7.117205503164344,0
0,39.3238434163701,62.5806451612903,16.989247311828,12.4731182795699,5,1375,7.226209010100671,0
1,73.9130434782609,90.2985074626866,5.22388059701492,2.98507462686567,4.75,311,5.739792912179234,0
1,57.1929824561403,68.1681681681682,0.3003003003003,29.4294294294294,4.9375,1396,7.241366283322318,0
0,61.0526315789474,74.0418118466899,17.9442508710801,4.00696864111498,5,2136,7.666690200080086,1
1,55.7894736842105,71.1864406779661,5.08474576271187,16.6666666666667,4.66666650772095,1108,7.010311867307229,0
1,70.4081632653061,64.9484536082474,0,34.020618556701,4.5,174,5.159055299214529,0
0,58.3333333333333,73.8425925925926,12.037037037037,10.1851851851852,4,1114,7.01571242048723,0
0,61.4406779661017,79.7507788161994,4.20560747663551,14.6417445482866,4.83333349227905,4490,8.4096079807363,1
1,71.4,73.2313575525813,2.48565965583174,14.5315487571702,5,1028,6.93537044601511,0
0,84.9840255591054,96.969696969697,0,0.432900432900433,5,1315,7.181591944611865,0
0,65.4237288135593,86.8624420401855,6.64605873261206,1.39103554868624,4.75,1907,7.553286605600419,1
1,54.6086956521739,63.4920634920635,23.4567901234568,12.3456790123457,4,1611,7.384610383176974,0
1,87.0307167235495,50.9803921568627,7.84313725490196,3.92156862745098,4.5,1320,7.1853870155804165,0
1,53.3052039381153,89.8704358068316,7.06713780918728,1.53121319199058,5,2223,7.706612913964197,1
1,67.4061433447099,79.7427652733119,2.2508038585209,11.8971061093248,5,1450,7.27931883541462,0
1,77.0833333333333,74.3362831858407,4.12979351032448,18.2890855457227,5,1338,7.198931240688173,0
0,46.9026548672566,49.7109826589595,3.46820809248555,14.7398843930636,5,1382,7.231287004327616,0
1,52.3333333333333,83.3819241982507,2.33236151603499,1.16618075801749,5,1287,7.160069207596127,0
1,46.9055374592834,61.5894039735099,11.5894039735099,16.887417218543,5,1293,7.164720378771857,0
1,100,100,0,0,5,132,4.882801922586371,0
0,52.6627218934911,64.2857142857143,4.4973544973545,23.8095238095238,4.25,1270,7.146772179452637,0
0,36.4044943820225,59.1044776119403,0.298507462686567,37.3134328358209,5,1717,7.448333860897476,0
1,87.9699248120301,93.5483870967742,1.29032258064516,2.58064516129032,4.33333349227905,336,5.817111159963204,0
1,52.9255319148936,88.5714285714286,4.52380952380952,2.14285714285714,3.75,1477,7.29776828253138,0
1,37.2492836676218,55.9585492227979,11.5284974093264,25.7772020725389,3.88888883590698,2356,7.764720544771477,1
1,42.2496570644719,68.5660018993352,20.6077872744539,6.26780626780627,3,88205,11.387418929730506,1
1,32.7044025157233,20.2247191011236,0,78.0898876404494,4,615,6.421622267806518,0
1,86.6995073891626,95.5026455026455,2.11640211640212,0,5,1843,7.519149957669823,0
1,64.9289099526066,84.2696629213483,3.37078651685393,7.30337078651685,5,347,5.849324779946859,0
0,37.9411764705882,32.8804347826087,0.271739130434783,64.5380434782609,3.5,1745,7.4645098346365275,0
1,89.7058823529412,89.8360655737705,0,9.83606557377049,5,356,5.87493073085203,0
0,53.9823008849557,59.5505617977528,11.2359550561798,21.3483146067416,5,453,6.115892125483034,0
1,90.3225806451613,83.9506172839506,0,0,5,383,5.948034989180646,0
1,47.9020979020979,64.6017699115044,26.9911504424779,1.76991150442478,4,862,6.759255270663693,0
0,30.8868501529052,53.5055350553505,42.8044280442804,1.4760147601476,5,688,6.5337888379333435,0
1,62.8654970760234,50,24.5098039215686,20.9150326797386,5,1064,6.96979066990159,0
0,75.2941176470588,73.991935483871,6.45161290322581,16.3306451612903,4.75,1523,7.328437352895162,0
0,54.0106951871658,71.875,24.21875,1.5625,4,1196,7.086737934510577,0
1,56.3829787234042,90.5882352941177,4.70588235294118,2.35294117647059,4,221,5.3981627015177525,0
0,60.6896551724138,93.7229437229437,0.432900432900433,4.76190476190476,5,2004,7.602900462204755,1
0,79.1139240506329,85.2564102564102,0.641025641025641,12.1794871794872,5,424,6.049733455231958,0
0,50.6535947712418,70.353982300885,9.14454277286136,17.4041297935103,4.7142858505249,1424,7.261225091971921,0
1,49.7991967871486,66.5454545454545,16.3636363636364,7.27272727272727,4,2491,7.820439515262181,1
0,52.1052631578947,75.7763975155279,23.6024844720497,0.62111801242236,4.66666650772095,509,6.2324480165505225,0
0,43.3712121212121,56.9037656903766,14.4351464435146,20.0836820083682,3.66666674613953,1363,7.217443431696533,0
1,80,85.9375,1.5625,10.9375,5,272,5.605802066295998,0
1,64.6341463414634,97.1524288107203,0.837520938023451,1.17252931323283,5,1698,7.437206366871292,0
0,33.6842105263158,43.5779816513761,13.302752293578,32.1100917431193,4.83333349227905,1378,7.228388451573604,0
0,42.4698795180723,41.7127071823204,0.552486187845304,52.7624309392265,4.45454549789429,866,6.763884908562435,0
1,85.5106888361045,90.1075268817204,4.51612903225806,1.0752688172043,3.75,1173,7.067319848653476,0
1,37.8676470588235,39.1071428571429,2.5,53.2142857142857,5,1761,7.473637108496206,0
1,87.7551020408163,93.3774834437086,1.32450331125828,2.64900662251656,4.19999980926514,425,6.052089168924417,0
1,16.3120567375887,31.2026002166847,6.82556879739978,57.204767063922,3.5,2940,7.986164860332727,1
0,30.6629834254144,41.4457831325301,3.6144578313253,51.566265060241,4,2301,7.741099090035366,1
0,37.887323943662,66.3326653306613,15.4308617234469,12.625250501002,5,1809,7.500529485395295,0
1,56.8764568764569,56.1135371179039,0.436681222707424,39.9563318777293,4.19999980926514,845,6.739336627357174,0
0,58.3783783783784,68.4813753581662,7.16332378223496,9.16905444126074,5,2584,7.857093864902493,1
1,52.4590163934426,74.7368421052632,17.6315789473684,5.78947368421053,4.61538457870483,1989,7.5953872788539725,1
1,31.8761384335155,76.4845605700713,3.80047505938242,17.5771971496437,5,1409,7.25063551189868,0
0,44.1818181818182,58.7912087912088,14.4688644688645,1.0989010989011,4,1619,7.389563953677635,0
1,36.8421052631579,56.1068702290076,13.7404580152672,25.1908396946565,3,599,6.395261598115449,0
0,60.1226993865031,69.3430656934307,17.5182481751825,8.02919708029197,4,412,6.021023349349527,0
0,35.9550561797753,73.2634338138925,18.4796854521625,2.35910878112713,3.25,11084,9.31325790598287,1
1,38.716814159292,51.7034068136273,18.8376753507014,22.6452905811623,3.14285707473755,1216,7.103322062526113,0
1,84.4827586206897,81.5789473684211,7.89473684210526,10.5263157894737,5,172,5.147494476813453,0
0,77.8774289985052,72.9678638941399,5.10396975425331,13.6105860113422,4.33333349227905,1969,7.585281078639126,1
1,52.3961661341853,53.9027982326951,10.1620029455081,31.6642120765832,4.625,2070,7.635303886259415,1
1,80.5755395683453,83.5443037974684,1.47679324894515,2.32067510548523,4.5,539,6.289715570908998,0
1,69.3548387096774,96.031746031746,0.793650793650794,1.58730158730159,4.5,460,6.131226489483141,0
1,42.2343324250681,79.2114695340502,12.5448028673835,5.01792114695341,4.66666650772095,956,6.862757913051401,0
0,60.4477611940298,59.7883597883598,32.2751322751323,4.76190476190476,4.692307472229,877,6.776506992372183,0
1,59.9027946537059,69.0661478599222,13.2295719844358,14.9805447470817,4.48000001907349,4751,8.46611040118692,1
1,36.1266294227188,38.9830508474576,2.82485875706215,57.0621468926554,4,4399,8.389132521348719,1
1,48.546511627907,30.1492537313433,0,57.910447761194,5,1536,7.336936913707618,0
0,45.6703910614525,54.9872122762148,7.41687979539642,35.0383631713555,4.54545450210571,13059,9.477232830220407,1
1,46.0966542750929,90.0684931506849,1.02739726027397,7.53424657534247,4.66666650772095,1100,7.003065458786462,0
1,43.0232558139535,72.0930232558139,16.8604651162791,9.30232558139535,4.80000019073486,524,6.261491684321042,0
1,74.2857142857143,72.1189591078067,7.62081784386617,10.5947955390335,3.66666674613953,2966,7.994969522697877,1
1,71.8004338394794,91.415313225058,0.696055684454756,7.65661252900232,4.33333349227905,1680,7.426549072397305,0
1,46.9387755102041,72.9032258064516,22.5806451612903,1.93548387096774,4.25,421,6.042632833682381,0
1,85.7142857142857,90.3614457831325,1.20481927710843,4.21686746987952,4.33333349227905,363,5.8944028342648505,0
1,38.6759581881533,99.2105263157895,0.526315789473684,0,5,1044,6.950814768442584,0
1,65.625,76.2376237623762,15.7001414427157,3.96039603960396,4.25,1767,7.4770384723196965,0
1,56.1320754716981,80.0266311584554,6.12516644474035,11.7177097203728,4.66666650772095,2029,7.615298339825815,1
0,72.4935732647815,77.7483443708609,12.317880794702,4.50331125827815,4.66666650772095,2749,7.918992488165245,1
0,64.9048625792812,76.9461077844311,9.13173652694611,5.98802395209581,4.5,2050,7.6255950721324535,1
1,64.8,55.0295857988166,2.36686390532544,41.1242603550296,4,1081,6.985641817639208,0
1,90.8536585365854,93.6305732484076,2.54777070063694,3.82165605095541,5,566,6.338594078203183,0
0,42.8571428571429,57.2008113590264,11.5618661257606,30.4259634888438,4.40000009536743,1778,7.48324441607385,0
1,35.9447004608295,61.9771863117871,7.60456273764259,30.4182509505703,4.5,835,6.727431724850855,0
0,50,64.40329218107,2.05761316872428,15.4320987654321,5,1717,7.448333860897476,0
1,38.1679389312977,64.4444444444444,18.5185185185185,14.8148148148148,4.33333349227905,371,5.916202062607435,0
1,56.4945226917058,75.1533742331288,6.74846625766871,4.29447852760736,5,1924,7.562161631225652,1
1,70.7865168539326,93.9393939393939,4.71380471380471,0,4.66666650772095,1264,7.142036574706803,0
1,69.0058479532164,97.2292191435768,0.755667506297229,0,4.875,1331,7.193685818395112,0
0,55.8441558441558,83.030303030303,0,15.7575757575758,5,1762,7.474204806496124,0
1,39.3501805054152,61.5168539325843,30.0561797752809,4.07303370786517,3,2963,7.993957547573565,1
1,61.4864864864865,52.2222222222222,0,47.7777777777778,4.33333349227905,494,6.202535517187923,0
1,28.8135593220339,58.7360594795539,30.1115241635688,10.4089219330855,4.66666650772095,1086,6.990256500493881,0
0,67.6616915422886,79.4117647058823,8.82352941176471,6.37254901960784,4.33333349227905,766,6.641182169740591,0
1,53.0245746691871,80.3967327887981,5.01750291715286,11.2018669778296,4.19999980926514,4371,8.382747094863314,1
0,28.9655172413793,50.5576208178439,6.69144981412639,37.1747211895911,4,747,6.616065185132817,0
1,98.989898989899,77.6859504132231,0,20.6611570247934,5,437,6.07993319509559,0
1,68.5446009389671,83.8383838383838,0.505050505050505,14.1414141414141,4.75,739,6.6052979209482015,0
0,50.3703703703704,68.6363636363636,23.6363636363636,3.63636363636364,4.75,669,6.505784060128229,0
0,56.1561561561562,79.608938547486,7.26256983240224,6.14525139664804,4.5,1029,6.9363427358340495,0
1,81.5789473684211,76.984126984127,3.96825396825397,15.0793650793651,5,352,5.863631175598097,0
1,60.6498194945848,70.9090909090909,13.4545454545455,3.63636363636364,4.83333349227905,1049,6.955592608396297,0
1,42.1422300263389,66.9918699186992,22.9268292682927,6.99186991869919,3,102322,11.535879982582413,1
1,59.1549295774648,83.6734693877551,6.12244897959184,4.08163265306122,5,473,6.159095388491933,0
1,68.9393939393939,93.7007874015748,1.5748031496063,2.36220472440945,5,434,6.073044534100405,0
1,55.5808656036446,53.9823008849557,18.5840707964602,12.094395280236,5,1123,7.023758954738443,0
1,89.1509433962264,91.8803418803419,2.99145299145299,5.12820512820513,5,826,6.716594773520978,0
0,51.4084507042254,61.8618618618619,11.1111111111111,12.6126126126126,5,790,6.672032945461067,0
0,63.7755102040816,86.0349127182045,5.48628428927681,4.98753117206983,3.5,1172,7.066466970136958,0
1,68.1818181818182,78.3783783783784,6.30630630630631,15.3153153153153,4,332,5.805134968916488,0
1,50.9594882729211,71.8623481781377,4.65587044534413,18.0161943319838,5,1407,7.249215057114389,0
1,71.5596330275229,81,4,14,5,435,6.075346031088684,0
1,55.3921568627451,27.1739130434783,53.804347826087,18.4782608695652,5,609,6.411818267709897,0
1,52.5316455696203,78.5234899328859,4.69798657718121,14.7651006711409,5,165,5.10594547390058,0
1,61.0909090909091,72.9824561403509,14.0350877192982,5.96491228070175,5,857,6.75343791859778,0
0,83.756345177665,96.2566844919786,0,3.74331550802139,5,538,6.2878585601617845,0
1,44.8019801980198,70.1670644391408,9.54653937947494,13.6038186157518,4.42857122421265,1141,7.039660349862076,0
1,46.0526315789474,41.5492957746479,0,57.7464788732394,4.7142858505249,419,6.037870919922137,0
1,66.6666666666667,61.1764705882353,2.35294117647059,9.41176470588235,5,349,5.855071922202427,0
1,53.6209553158706,86.2478777589134,1.86757215619694,9.50764006791171,4.77777767181396,1575,7.362010551259734,0
1,57.9476861167002,73.5365853658537,20.1219512195122,4.26829268292683,4.25,826,6.716594773520978,0
1,57.7608142493639,78.3050847457627,2.71186440677966,17.2881355932203,4.66666650772095,1411,7.252053951852814,0
0,74.8387096774194,90.4494382022472,2.52808988764045,2.52808988764045,4.90909099578857,2136,7.666690200080086,1
1,77.34375,84.7560975609756,3.65853658536585,5.48780487804878,5,1178,7.071573364211532,0
1,64.4977168949772,71.6446124763705,9.82986767485822,13.7996219281664,5,2557,7.846589975291186,1
1,33.5640138408304,78.2122905027933,12.6629422718808,5.40037243947858,4.73333311080933,5669,8.642768014324304,1
1,33.5748792270531,44.0097799511002,5.8679706601467,45.721271393643,4.40000009536743,1078,6.982862751468942,0
1,37.9213483146067,54.3558282208589,3.80368098159509,36.6871165644172,4.42857122421265,2385,7.776954403322442,1
0,69.3379790940767,70.03367003367,1.68350168350168,27.6094276094276,4.5,921,6.825460036255307,0
1,40.2376910016978,44.4078947368421,5.75657894736842,44.7368421052632,3.75,1148,7.045776576879511,0
1,38.8367729831145,58.1395348837209,4.11449016100179,30.5903398926655,4.93333339691162,2714,7.906178840394815,1
1,50.4032258064516,41.4686825053996,12.0950323974082,24.1900647948164,4.75,1413,7.253470382684528,0
0,45,32.7354260089686,3.58744394618834,59.6412556053812,4.73333311080933,1331,7.193685818395112,0
0,62.8158844765343,64.6575342465753,0.273972602739726,30.6849315068493,5,1259,7.138073034044347,0
0,70.3125,83.6363636363636,12.2727272727273,2.27272727272727,4,579,6.361302477572996,0
1,25.12,33.4983498349835,4.62046204620462,56.4356435643564,4.7857141494751,1408,7.249925536717988,0
0,28.448275862069,71.7277486910995,13.7870855148342,9.24956369982548,3.5,1674,7.422971251049421,0
0,67.1785028790787,83.6363636363636,11.3131313131313,3.03030303030303,5,1527,7.3310603052186325,0
1,91.044776119403,97.0588235294118,1.47058823529412,1.47058823529412,5,217,5.37989735354046,0
1,53.5377358490566,52.5727069351231,2.46085011185682,40.9395973154362,4.46153831481934,1403,7.246368080102461,0
1,54.7134935304991,71.6632443531827,9.24024640657084,8.62422997946612,4.875,1408,7.249925536717988,0
1,65.9259259259259,66.4459161147903,19.205298013245,9.93377483443709,4,2152,7.674152921281675,1
0,68.1481481481482,89.9159663865546,8.40336134453782,0.840336134453782,4.75,360,5.886104031450156,0
1,27.807486631016,48.6784140969163,17.1806167400881,29.0748898678414,4,26526,10.185880663054299,1
0,66.2011173184357,72.6027397260274,0.273972602739726,25.2054794520548,5,1082,6.9865664594064265,0
1,44.1340782122905,52.1739130434783,0,47.1014492753623,4.5,452,6.113682179832232,0
1,34.4765342960289,45.6869009584665,5.75079872204473,42.8115015974441,5,229,5.43372200355424,0
1,88.4146341463415,83.8235294117647,4.41176470588235,8.08823529411765,5,493,6.20050917404269,0
1,16.9753086419753,44.794952681388,47.9495268138801,6.30914826498423,4.66666650772095,738,6.6039438246004725,0
1,65.3846153846154,67.3352435530086,25.214899713467,2.86532951289398,4,1016,6.923628628138427,0
1,59.7457627118644,70.3125,4.6875,17.1875,4.5,743,6.610696044717759,0
1,64.3929058663029,78.0487804878049,12.1951219512195,3.46598202824133,4.90000009536743,1536,7.336936913707618,0
0,77.5300171526587,80.2222222222222,8.88888888888889,7.77777777777778,4.90909099578857,1973,7.587310506022615,1
1,49.9302649930265,84.958217270195,6.4066852367688,5.84958217270195,4.19999980926514,1945,7.573017256052546,1
0,30.1003344481605,52.5333333333333,34.4,3.2,4.38888883590698,1342,7.201916317531627,0
1,56.0165975103734,94.908350305499,3.05498981670061,0,4.75,1676,7.424165281042028,0
0,15.8064516129032,28.3870967741935,2.25806451612903,67.0967741935484,4.5,1066,6.97166860472579,0
1,51.5358361774744,51.5151515151515,0.336700336700337,47.1380471380471,5,645,6.4692503167957724,0
0,59.9585062240664,50.210970464135,5.69620253164557,38.1856540084388,5,1732,7.4570320891223805,0
0,65.546218487395,96.551724137931,0,3.44827586206897,5,561,6.329720905522696,0
1,78.47533632287,85.3658536585366,7.80487804878049,1.95121951219512,5,560,6.327936783729195,0
1,61.1111111111111,77.6381909547739,12.3115577889447,3.76884422110553,4.5,1010,6.917705609835305,0
0,51.6260162601626,51.4767932489451,30.8016877637131,10.5485232067511,5,665,6.499787040655854,0
0,33.3333333333333,78.0821917808219,0,21.9178082191781,5,241,5.484796933490655,0
1,40.2654867256637,38.6813186813187,3.07692307692308,55.1648351648352,4.77777767181396,1540,7.3395376954076745,0
0,18.3448275862069,45.5182072829132,10.2240896358543,37.5350140056022,3.75,744,6.612041034833092,0
1,91.1764705882353,82.9787234042553,2.12765957446809,10.6382978723404,4,307,5.726847747587197,0
1,75.4285714285714,43.1192660550459,7.3394495412844,8.25688073394496,5,790,6.672032945461067,0
1,74.1496598639456,80.9859154929577,1.40845070422535,8.45070422535211,5,477,6.1675164908883415,0
0,77.1137026239067,82.8125,2.9296875,11.1328125,4.75,2126,7.661997558901893,1
1,62.0608899297424,82.2674418604651,6.97674418604651,7.55813953488372,3.75,1230,7.114769448366463,0
1,66.7692307692308,100,0,0,5,1515,7.323170717943469,0
0,28.3898305084746,66.0714285714286,17.1428571428571,13.2142857142857,5,556,6.320768294250582,0
0,62.6016260162602,90.9547738693467,4.52261306532663,3.01507537688442,5,796,6.679599185844383,0
1,64.7571606475716,69.1376701966717,4.08472012102874,22.5416036308623,4.69999980926514,1868,7.532623618788788,1
0,73.8805970149254,95.7746478873239,1.40845070422535,1.40845070422535,5,527,6.267200548541362,0
0,60.377358490566,81.9672131147541,1.63934426229508,13.1147540983607,4,244,5.497168225293202,0
1,51.0180995475113,67.8007290400972,11.3001215066829,16.6464155528554,3.83333325386047,3980,8.289037098278483,1
0,69.760900140647,74.8633879781421,12.0218579234973,9.10746812386157,4.5,2715,7.906547232368036,1
0,71.6049382716049,85.7142857142857,12.987012987013,0,4,179,5.187385805840755,0
1,56.1904761904762,95.5414012738854,3.82165605095541,0,5,552,6.313548046277095,0
0,34.775641025641,51.188589540412,26.148969889065,21.3946117274168,3.5,6576,8.791181936736017,1
1,87.434554973822,77.7173913043478,18.4782608695652,0.543478260869565,4,656,6.486160788944089,0
1,52.060737527115,63.436928702011,15.1736745886654,18.0987202925046,4,15480,9.647304147143718,1
1,48.2529118136439,70.7964601769911,13.2743362831858,11.5044247787611,4,1637,7.400620577371135,0
1,95.7983193277311,93.2584269662921,1.12359550561798,3.37078651685393,5,320,5.768320995793772,0
0,59.1836734693878,93.0769230769231,3.84615384615385,0,5,390,5.966146739123692,0
1,16.8525402726146,30.9756097560976,12.0731707317073,50.8536585365854,4,1957,7.579167967396076,1
1,57.1705426356589,56.0224089635854,7.28291316526611,28.0112044817927,5,2100,7.649692623711514,1
0,67.5496688741722,79.2415169660679,8.38323353293413,8.18363273453094,4.25,1461,7.2868764117507,0
0,43.1235431235431,38.6018237082067,6.38297872340426,44.3768996960486,5,1834,7.51425465281641,0
0,57.5221238938053,58.6118251928021,4.62724935732648,9.76863753213368,5,1022,6.92951677076365,0
0,80.4812834224599,76.2048192771084,6.92771084337349,11.4457831325301,4.2857141494751,1311,7.1785454837637,0
1,50,57.4525745257453,13.0081300813008,25.7452574525745,4.33333349227905,936,6.841615476477592,0
1,39.9553571428571,48.9411764705882,2.11764705882353,47.5294117647059,4.83333349227905,2949,7.989221408815276,1
1,62.1951219512195,78.5714285714286,13.0952380952381,2.38095238095238,4.66666650772095,230,5.438079308923196,0
1,53.0612244897959,71.5,4,23.5,4,386,5.955837369464831,0
0,68.8524590163934,75.7281553398058,3.88349514563107,7.52427184466019,5,3229,8.079927770758275,1
0,53.4810126582278,59.6958174904943,8.74524714828897,16.3498098859316,4.80000019073486,1150,7.047517221357296,0
0,50.1449275362319,43.956043956044,15.7509157509158,34.7985347985348,5,578,6.359573868672378,0
0,45.9541984732824,71.9640179910045,9.89505247376312,11.0944527736132,4.59999990463257,1973,7.587310506022615,1
0,78.169014084507,83.123425692695207,2.77078085642317,7.55667506297229,5,2101,7.650168700845001,1
0,43.1941923774955,72.7984344422701,14.0900195694716,8.41487279843444,4.25,1362,7.2167094867094574,0
1,42.8571428571429,71.6666666666667,13.3333333333333,8.88888888888889,4.5,556,6.320768294250582,0
1,69.3069306930693,76.5217391304348,16.5217391304348,3.47826086956522,5,315,5.752572638825633,0
1,56.1122244488978,82.6373626373626,5.71428571428571,6.59340659340659,4.66666650772095,1394,7.2399325913204695,0
0,51.8382352941177,54.0856031128405,0.583657587548638,43.9688715953307,4.57142877578735,1671,7.421177528595393,0
1,72.8971962616822,87.3563218390805,5.74712643678161,4.59770114942529,4,319,5.765191102784844,0
1,64.5374449339207,81.981981981982,2.4024024024024,12.9129129129129,5,1478,7.298445101508147,0
1,41.3897280966767,85.0649350649351,9.41558441558442,4.54545454545455,4.66666650772095,779,6.658011045870748,0
1,70.4545454545455,86.8995633187773,8.73362445414847,2.83842794759825,3.5,1064,6.96979066990159,0
0,46.5045592705167,52.3489932885906,27.1812080536913,6.71140939597315,4,943,6.849066282633458,0
0,65.3645833333333,45.7746478873239,0.704225352112676,22.1830985915493,5,1209,7.097548850614793,0
1,39.3518518518519,50.6024096385542,17.2690763052209,20.4819277108434,4.85714292526245,692,6.539585955617669,0
1,37.0431893687708,63.2411067193676,26.8774703557312,5.33596837944664,4.5,619,6.428105272684596,0
1,65.5440414507772,67.4185463659148,1.50375939849624,29.3233082706767,4,1148,7.045776576879511,0
1,55.9659090909091,55.8558558558559,21.6216216216216,9.90990990990991,5,1138,7.037027614686276,0
1,81.6176470588235,73.7588652482269,3.54609929078014,11.3475177304965,5,1173,7.067319848653476,0
0,39.6946564885496,51.1627906976744,13.6501516683519,30.6370070778564,3.57142853736877,9859,9.196140022575042,1
1,48.8970588235294,57.6659038901602,8.92448512585812,6.8649885583524,4.5,1891,7.544861068658458,1
1,71.2871287128713,73.4177215189873,7.59493670886076,8.86075949367089,5,384,5.950642552587727,0
1,60,65.9963436928702,2.19378427787934,21.7550274223035,4.86666679382324,2390,7.779048644925556,1
1,50,71,21,1,4.875,397,5.983936280687191,0
1,71.563981042654,71.5789473684211,23.6842105263158,0.526315789473684,5,680,6.522092798170152,0
0,53.5310734463277,64.3178410794603,8.99550224887556,19.640179910045,4.16666650772095,1657,7.4127640174265625,0
0,70.2216066481994,78,10.5714285714286,7,4.7142858505249,2399,7.782807262839695,1
0,56.9948186528497,66.8639053254438,4.73372781065089,25.7396449704142,5,1099,7.002155954403621,0
0,93.1486880466472,93.1506849315068,1.1986301369863,1.54109589041096,5,2147,7.671826797878781,1
1,91.5343915343915,91.1694510739857,1.67064439140811,2.62529832935561,5,1856,7.526178913346146,1
0,40.4358353510896,51.0791366906475,20.0239808153477,26.2589928057554,4.40000009536743,16028,9.682092471756036,1
1,75.9146341463415,78.0487804878049,7.31707317073171,10.1045296167247,5,706,6.559615237493242,0
1,37.8698224852071,59.3333333333333,35,3,4,1081,6.985641817639208,0
0,49.4505494505495,65.8536585365854,21.3414634146341,11.5853658536585,4.5,328,5.793013608384144,0
1,69.1891891891892,79.9086757990868,13.2420091324201,2.28310502283105,5,630,6.4457198193855785,0
0,68.2926829268293,68.0487804878049,2.68292682926829,25.609756097561,5,1416,7.255591274253665,0
1,49.6875,50.8670520231214,6.9364161849711,34.1040462427746,4.57142877578735,1170,7.064759027791802,0
1,56.0747663551402,70.048309178744,0,29.4685990338164,4,559,6.326149473155099,0
1,76.3565891472868,94.468085106383,4.68085106382979,0.851063829787234,4.5,1242,7.124478262493424,0
0,47.713717693837,52.3676880222841,14.2061281337047,28.4122562674095,5,969,6.876264611890766,0
1,22.117202268431,50.4363001745201,10.4712041884817,31.5881326352531,4.2857141494751,1471,7.293697720601438,0
1,74.430823117338,72.069825436409,1.49625935162095,23.4413965087282,5,1698,7.437206366871292,0
1,58.1967213114754,56.1440677966102,0.423728813559322,40.2542372881356,5,1534,7.335633981927201,0
0,53.4188034188034,57.8659370725034,1.2311901504788,39.8084815321477,4.85714292526245,3878,8.263074835802596,1
1,43.1034482758621,53.8922155688623,2.39520958083832,37.7245508982036,4.5,1094,6.9975959829819265,0
1,44.5730824891462,78.4522003034901,14.8710166919575,2.88315629742033,4.85714292526245,2429,7.795234929002173,1
1,80.5194805194805,63.5761589403974,23.841059602649,0.662251655629139,5,860,6.756932389247553,0
1,74.5958429561201,67.9878048780488,4.8780487804878,14.9390243902439,5,1716,7.447751280047908,0
0,78.5714285714286,75,7.60869565217391,12.6811594202899,4,902,6.804614520062624,0
0,82.1138211382114,94.5945945945946,1.8018018018018,0.900900900900901,5,498,6.210600077024653,0
0,35.1398601398601,80.9701492537313,2.05223880597015,11.0074626865672,5,2099,7.649216319820633,1
1,40.9604519774011,51.085141903172,2.00333889816361,42.4040066777963,4,2202,7.697121317282625,1
1,37.5486381322957,76.3076923076923,4.61538461538462,16.6153846153846,4.5,733,6.597145701886651,0
0,68.6502177068215,73.421926910299,12.1262458471761,8.97009966777409,4.57142877578735,2285,7.734121303328305,1
1,68.7150837988827,66.8587896253602,29.1066282420749,0.864553314121038,4.80000019073486,1137,7.036148493750536,0
1,34.0264650283554,74.3346007604563,3.04182509505703,17.680608365019,4.80000019073486,2009,7.605392364814935,1
0,60.6481481481482,94.3396226415094,0.943396226415094,0.943396226415094,5,684,6.52795791762255,0
1,78.2051282051282,90.3614457831325,4.81927710843374,2.40963855421687,4,263,5.572154032177765,0
1,44.1747572815534,62.200956937799,14.8325358851675,0.956937799043062,4.80000019073486,495,6.20455776256869,0
1,55.1428571428571,79.8798798798799,9.60960960960961,5.40540540540541,4,559,6.326149473155099,0
0,74.6478873239437,86.7549668874172,5.96026490066225,2.64900662251656,4,319,5.765191102784844,0
1,66.3529411764706,83.28611898017,4.53257790368272,2.54957507082153,5,1522,7.3277805384216315,0
1,55.7065217391304,51.2121212121212,2.12121212121212,39.0909090909091,5,1164,7.059617628291383,0
1,42.6605504587156,50,7.34693877551021,20.6122448979592,5,2208,7.699842407396986,1
1,34.0369393139842,71.1974110032362,4.85436893203883,18.4466019417476,5,1117,7.018401799069201,0
0,50.5003849114704,62.9848229342327,25.885328836425,4.21585160202361,4.25,3921,8.27410200229233,1
1,51.685393258427,67.7884615384615,15.3846153846154,7.69230769230769,5,693,6.541029999189903,0
1,23.9067055393586,28.5359801488834,5.70719602977668,59.3052109181141,4.88888883590698,1139,7.037905963447182,0
1,71.6101694915254,81.2785388127854,14.6118721461187,2.28310502283105,5,612,6.416732282512326,0
0,65.4088050314465,51.8218623481781,0,8.09716599190283,5,840,6.733401891837359,0
1,45.144804088586,61.5520282186949,16.5784832451499,19.9294532627866,3,1212,7.10002716662926,0
1,45.3321364452424,80.6598407281001,5.11945392491468,6.71217292377702,4.66666650772095,2248,7.717796211013582,1
0,77.5862068965517,86.4541832669323,5.97609561752988,4.38247011952191,4.33333349227905,625,6.437751649736401,0
1,59.8095238095238,81.5950920245399,2.45398773006135,13.7014314928425,4.5,2963,7.993957547573565,1
1,63.8297872340426,64.8,0.8,33.6,5,641,6.46302945692067,0
1,53.6423841059603,55.1601423487544,1.06761565836299,39.1459074733096,4.16666650772095,1501,7.313886831633462,0
1,59.2281879194631,81.5891472868217,10.077519379845,6.2015503875969,4.75,1497,7.311218384419629,0
0,73.0769230769231,74.1379310344828,3.44827586206897,11.2068965517241,4.66666650772095,420,6.040254711277414,0
1,50.763358778626,58.7813620071685,8.24372759856631,31.1827956989247,4.25,725,6.586171654854675,0
1,90.6976744186046,96.8152866242038,0,3.18471337579618,4.75,629,6.444131256700441,0
1,71.3375796178344,75.5102040816327,0,22.4489795918367,5,1369,7.221835825288449,0
0,42.2907488986784,51.9148936170213,2.5531914893617,42.1276595744681,4.5,724,6.584791392385716,0
0,44.5109780439122,46.6,5.8,43.4,4,1426,7.262628600974241,0
1,32.9073482428115,63.4228187919463,28.5234899328859,4.02684563758389,4.66666650772095,827,6.717804695023691,0
1,58.8571428571429,84.5945945945946,11.3513513513514,1.89189189189189,5,893,6.794586580876499,0
0,60.3678929765886,68.9716312056738,14.8936170212766,7.80141843971631,4,1697,7.436617265234227,0
1,19.1919191919192,30.3030303030303,0,68.6868686868687,4.75,307,5.726847747587197,0
1,40.4255319148936,36.6412213740458,5.34351145038168,48.8549618320611,4.33333349227905,460,6.131226489483141,0
0,58.9473684210526,95.1219512195122,3.65853658536585,1.21951219512195,4,425,6.052089168924417,0
0,53.4883720930233,82.6923076923077,13.4615384615385,1.92307692307692,5,130,4.867534450455582,0
1,37.7358490566038,94.272076372315,2.38663484486873,1.90930787589499,4.66666650772095,1544,7.342131730584722,0
1,96.2962962962963,98.2758620689655,0,0,5,268,5.5909869805108565,0
1,42.8571428571429,52.7027027027027,20.2702702702703,21.6216216216216,3.66666674613953,246,5.5053315359323625,0
0,60.9311740890688,70.9480122324159,5.19877675840979,4.89296636085627,4.85714292526245,1301,7.170888478512505,0
0,90.2439024390244,57.3529411764706,2.20588235294118,35.2941176470588,5,444,6.095824562432225,0
1,40.625,37.5,1.68918918918919,59.7972972972973,4.66666650772095,1196,7.086737934510577,0
0,61.2419700214133,95.6011730205279,0.879765395894428,1.75953079178886,4.42857122421265,1339,7.199678345691172,0
1,38.6243386243386,19.6078431372549,0.65359477124183,64.7058823529412,5,632,6.448889394146858,0
0,36.8421052631579,44.5255474452555,0,55.4744525547445,5,944,6.8501261661455,0
1,62.9059829059829,49.4435612082671,13.0365659777424,17.0111287758347,4.5,1560,7.352441100243583,0
0,22.5728155339806,47.1428571428571,36.2857142857143,6.57142857142857,5,1158,7.05444965813294,0
1,78.270509977827,90.8847184986595,3.48525469168901,3.2171581769437,5,1317,7.183111701743281,0
1,83.8074398249453,60.9756097560976,23.1707317073171,6.40243902439024,5,1877,7.537430036586509,1
1,56.441717791411,75.5813953488372,6.1046511627907,14.2441860465116,3.75,912,6.815639990074331,0
1,74.0831295843521,80.8370044052863,6.38766519823788,6.38766519823788,4.66666650772095,1854,7.5251007461258,1
0,66.9491525423729,50.6369426751592,0.318471337579618,48.4076433121019,5,804,6.6895992691789665,0
0,52.0671834625323,79.8275862068966,12.9310344827586,5.51724137931035,4.57142877578735,2241,7.714677473800927,1
